Phase,ICE,BEV
Battery Manufacturing,60,4884.90113708
Vehicle Parts,6162.2094101831345,7080.416708173977
Use Phase,53414.09171768011,24688.21490013192
Disposal,1508.200,955.999999955
Total,61144.50112786324,37609.532745386794
