Phase,ICE,BEV
Battery Manufacturing,60,4349.510631
Vehicle Parts,5731.81552,6578.566063
Use Phase,53414.09172,24688.2149
Disposal,1508.2,956
Total,60714.10724,36572.29159
