Phase,ICE,BEV
Battery Manufacturing,60,5111.774147994698
Vehicle Parts,6031.098571144155,5737.702150940921
Use Phase,67344.26779607558,25277.662079153106
Disposal,1508.200,1612.3255003833156
Total,74943.56636721973,37739.46387847204
