Vehicle,Battery Manufacturing,Vehicle Parts,Use Phase,Disposal,Total,
ICE,60,6031.098571144155,67344.26779607558,1508.200,74943.56636721973,
BEV,5111.774147994698,5737.702150940921,25277.662079153106,1612.3255003833156,37739.46387847204,
