Vehicle,Battery Manufacturing,Vehicle Parts,Use Phase,Disposal,Total,
ICE,60,6162.2094101831345,53414.09171768011,1508.200,61144.50112786324,
BEV,4884.90113708,7080.416708173977,24688.21490013192,955.999999955,37609.532745386794,
