Phase,ICE,BEV
Battery Manufacturing,60,5111.774148
Vehicle Parts,6031.098571,5737.702151
Use Phase,67344.2678,25277.66208
Disposal,874.2,1530.3255
Total,74943.56637,37739.46388